Top pages,Clicks,Impressions,CTR,Position
https://www.nationalparksexplorerusa.com/,46,391,11.76%,4.03
https://www.nationalparksexplorerusa.com/blog/grand-teton-national-park-the-complete-2026-visitor-guide,19,2978,0.64%,6.47
https://www.nationalparksexplorerusa.com/blog/yellowstone-national-park-the-complete-2026-visitor-guide,11,4352,0.25%,6.55
https://www.nationalparksexplorerusa.com/reports/when-to-go.html,11,557,1.97%,7.67
https://www.nationalparksexplorerusa.com/blog/grand-teton-astrophotography-guide,10,353,2.83%,7.08
https://www.nationalparksexplorerusa.com/plan-ai,6,372,1.61%,6.73
https://www.nationalparksexplorerusa.com/map,5,570,0.88%,45.46
https://www.nationalparksexplorerusa.com/blog/death-valley-national-park-the-complete-2026-visitor-guide,4,691,0.58%,6.54
https://www.nationalparksexplorerusa.com/blog/death-valley-astrophotography-guide,4,485,0.82%,6.09
https://www.nationalparksexplorerusa.com/parks/yosemite-national-park,4,281,1.42%,23.4
https://www.nationalparksexplorerusa.com/compare,4,213,1.88%,5.77
https://www.nationalparksexplorerusa.com/blog/yosemite-dropped-its-reservation-system-for-2026-heres-whats-actually-happening,3,2306,0.13%,5.66
https://www.nationalparksexplorerusa.com/blog/arches-national-park-astrophotography-guide,3,356,0.84%,7.96
https://www.nationalparksexplorerusa.com/blog/arches-national-park-the-complete-2026-visitor-guide,2,780,0.26%,6.85
https://www.nationalparksexplorerusa.com/blog/canyonlands-national-park-the-complete-2026-guide,2,391,0.51%,6.09
https://www.nationalparksexplorerusa.com/blog/yosemite-national-park-the-complete-2026-visitor-guide,2,216,0.93%,9.69
https://www.nationalparksexplorerusa.com/blog/the-best-national-parks-for-first-timers-where-to-start-your-adventure,2,216,0.93%,12.91
https://www.nationalparksexplorerusa.com/faq,2,137,1.46%,5.39
https://www.nationalparksexplorerusa.com/parks/grand-canyon-national-park,2,128,1.56%,29.21
https://www.nationalparksexplorerusa.com/parks/mammoth-cave-national-park,2,13,15.38%,16.38
https://www.nationalparksexplorerusa.com/parks/zion,1,857,0.12%,45.35
https://www.nationalparksexplorerusa.com/explore,1,471,0.21%,9.05
https://www.nationalparksexplorerusa.com/parks/glacier-national-park,1,413,0.24%,67.92
https://www.nationalparksexplorerusa.com/parks/acadia-national-park,1,363,0.28%,35.56
https://www.nationalparksexplorerusa.com/parks/glacier-bay-national-park-and-preserve,1,259,0.39%,8.94
https://www.nationalparksexplorerusa.com/parks/state/illinois,1,252,0.4%,11
https://www.nationalparksexplorerusa.com/events,1,165,0.61%,8.7
https://www.nationalparksexplorerusa.com/parks/yellowstone-national-park,1,135,0.74%,32.76
https://www.nationalparksexplorerusa.com/blog/canyonlands-national-park-astrophotography-guide,1,133,0.75%,6.51
https://www.nationalparksexplorerusa.com/parks/state/connecticut,1,121,0.83%,10.93
https://www.nationalparksexplorerusa.com/terms,1,96,1.04%,7.68
https://www.nationalparksexplorerusa.com/parks/zion-national-park,1,75,1.33%,39.93
https://www.nationalparksexplorerusa.com/blog/7-cozy-small-town-escapes-that-define-autumn-magic,1,47,2.13%,10.3
https://www.nationalparksexplorerusa.com/parks/pictured-rocks-national-lakeshore,1,5,20%,35
https://www.nationalparksexplorerusa.com/parks/grca,0,1224,0%,66.69
https://www.nationalparksexplorerusa.com/parks/black-canyon-of-the-gunnison-national-park,0,451,0%,9.51
https://www.nationalparksexplorerusa.com/parks/state/california,0,385,0%,44.44
https://www.nationalparksexplorerusa.com/reports/national-parks-2025.html,0,314,0%,7.71
https://www.nationalparksexplorerusa.com/features,0,303,0%,5.46
https://www.nationalparksexplorerusa.com/parks/state/colorado,0,253,0%,56.15
https://www.nationalparksexplorerusa.com/parks/big-bend-national-park,0,179,0%,10.45
https://www.nationalparksexplorerusa.com/parks/wrangell-st-elias-national-park-and-preserve,0,168,0%,50.17
https://www.nationalparksexplorerusa.com/parks/crater-lake-national-park,0,159,0%,8.47
https://www.nationalparksexplorerusa.com/parks/state/montana,0,114,0%,43.14
https://www.nationalparksexplorerusa.com/parks/yell,0,110,0%,14.26
https://www.nationalparksexplorerusa.com/parks/state/maryland,0,89,0%,8.26
https://www.nationalparksexplorerusa.com/parks/yose,0,88,0%,14.22
https://www.nationalparksexplorerusa.com/parks/state/virgin-islands,0,82,0%,34.39
https://www.nationalparksexplorerusa.com/parks/whsa,0,80,0%,17.25
https://www.nationalparksexplorerusa.com/parks/seki,0,80,0%,37.84
https://www.nationalparksexplorerusa.com/parks/state/minnesota,0,78,0%,42.08
https://www.nationalparksexplorerusa.com/privacy,0,69,0%,5.19
https://www.nationalparksexplorerusa.com/parks/lake-clark-national-park-and-preserve,0,62,0%,6.6
https://www.nationalparksexplorerusa.com/parks/state/ohio,0,60,0%,48.87
https://www.nationalparksexplorerusa.com/parks/state/pennsylvania,0,58,0%,12.5
https://www.nationalparksexplorerusa.com/parks/lassen-volcanic-national-park,0,57,0%,60.23
https://www.nationalparksexplorerusa.com/blog/memorial-day-weekend-2026-national-park-traffic-gas-and-crowd-tips,0,54,0%,8
https://www.nationalparksexplorerusa.com/parks/rocky-mountain-national-park,0,54,0%,12.83
https://www.nationalparksexplorerusa.com/parks/dry-tortugas-national-park,0,51,0%,12.78
https://www.nationalparksexplorerusa.com/parks/state/nevada,0,49,0%,19.39
https://www.nationalparksexplorerusa.com/parks/state/georgia,0,47,0%,19.7
https://www.nationalparksexplorerusa.com/parks/state/rhode-island,0,46,0%,12.89
https://www.nationalparksexplorerusa.com/parks/state/massachusetts,0,45,0%,20.11
https://www.nationalparksexplorerusa.com/parks/state/vermont,0,44,0%,13.8
https://www.nationalparksexplorerusa.com/parks/harry-s-truman-national-historic-site,0,44,0%,14.93
https://www.nationalparksexplorerusa.com/parks/catoctin-mountain-park,0,43,0%,66.28
https://www.nationalparksexplorerusa.com/parks/state/south-carolina,0,42,0%,51.81
https://www.nationalparksexplorerusa.com/parks/kefj,0,41,0%,35.12
https://www.nationalparksexplorerusa.com/parks/fort-smith-national-historic-site,0,40,0%,9.57
https://www.nationalparksexplorerusa.com/parks/capitol-reef-national-park,0,39,0%,13.74
https://www.nationalparksexplorerusa.com/parks/state/louisiana,0,35,0%,22.06
https://www.nationalparksexplorerusa.com/parks/state/nebraska,0,34,0%,19.5
https://www.nationalparksexplorerusa.com/parks/point-reyes-national-seashore,0,34,0%,40.41
https://www.nationalparksexplorerusa.com/parks/little-bighorn-battlefield-national-monument,0,34,0%,67.71
https://www.nationalparksexplorerusa.com/parks/neri,0,31,0%,5.74
https://www.nationalparksexplorerusa.com/parks/state/mississippi,0,31,0%,17.23
https://www.nationalparksexplorerusa.com/parks/romo,0,30,0%,26.13
https://www.nationalparksexplorerusa.com/parks/thro,0,29,0%,33.48
https://www.nationalparksexplorerusa.com/parks/biscayne-national-park,0,28,0%,9.5
https://www.nationalparksexplorerusa.com/parks/hosp,0,28,0%,28.04
https://www.nationalparksexplorerusa.com/parks/state/alabama,0,28,0%,32.25
https://www.nationalparksexplorerusa.com/parks/state/oklahoma,0,27,0%,11.26
https://www.nationalparksexplorerusa.com/parks/big-hole-national-battlefield,0,27,0%,11.52
https://www.nationalparksexplorerusa.com/parks/state/new-hampshire,0,27,0%,14.56
https://www.nationalparksexplorerusa.com/parks/state/tennessee,0,26,0%,10.54
https://www.nationalparksexplorerusa.com/parks/state/arkansas,0,26,0%,11.12
https://www.nationalparksexplorerusa.com/parks/state/west-virginia,0,25,0%,10.76
https://www.nationalparksexplorerusa.com/parks/whiskeytown-national-recreation-area,0,23,0%,8.96
https://www.nationalparksexplorerusa.com/parks/badlands-national-park,0,23,0%,9.35
https://www.nationalparksexplorerusa.com/parks/state/north-carolina,0,23,0%,11.13
https://www.nationalparksexplorerusa.com/parks/jotr,0,23,0%,19.09
https://www.nationalparksexplorerusa.com/parks/state/new-jersey,0,22,0%,9.82
https://www.nationalparksexplorerusa.com/parks/state/delaware,0,22,0%,11.05
https://www.nationalparksexplorerusa.com/parks/frederick-douglass-national-historic-site,0,22,0%,11.27
https://www.nationalparksexplorerusa.com/parks/wolf-trap-national-park-for-the-performing-arts,0,22,0%,29.55
https://www.nationalparksexplorerusa.com/parks/state/florida,0,21,0%,28.9
https://www.nationalparksexplorerusa.com/parks/mormon-pioneer-national-historic-trail,0,20,0%,72.05
https://www.nationalparksexplorerusa.com/parks/pefo,0,19,0%,11.05
https://www.nationalparksexplorerusa.com/parks/oregon-national-historic-trail,0,19,0%,44.68
https://www.nationalparksexplorerusa.com/blog/the-ultimate-fall-foliage-road-trip-guide-3-spectacular-routes-you-cant-miss,0,19,0%,46.05
https://www.nationalparksexplorerusa.com/parks/pinnacles-national-park,0,19,0%,62.47
https://www.nationalparksexplorerusa.com/parks/saugus-iron-works-national-historic-site,0,18,0%,9.39
https://www.nationalparksexplorerusa.com/parks/grand-teton-national-park,0,18,0%,10.33
https://www.nationalparksexplorerusa.com/parks/pony-express-national-historic-trail,0,18,0%,60.28
https://www.nationalparksexplorerusa.com/parks/new-river-gorge-national-park-and-preserve,0,18,0%,77.22
https://www.nationalparksexplorerusa.com/blog/arches-national-park-the-complete-2026-visitor-guide#heading-0-the-2026-timed-entry-change-what-it-means-for-you,0,17,0%,3.94
https://www.nationalparksexplorerusa.com/blog/arches-national-park-the-complete-2026-visitor-guide#heading-4-what-arches-gets-wrong-most-visitors-don-t-know-this,0,17,0%,3.94
https://www.nationalparksexplorerusa.com/parks/state/texas,0,17,0%,33.24
https://www.nationalparksexplorerusa.com/parks/state/puerto-rico,0,17,0%,34.59
https://www.nationalparksexplorerusa.com/parks/prince-william-forest-park,0,17,0%,39.82
https://www.nationalparksexplorerusa.com/parks/state/wisconsin,0,16,0%,14
https://www.nationalparksexplorerusa.com/parks/state/washington,0,16,0%,51.94
https://www.nationalparksexplorerusa.com/parks/state/missouri,0,15,0%,14.27
https://www.nationalparksexplorerusa.com/parks/yorktown-battlefield-part-of-colonial-national-historical-park,0,15,0%,49.27
https://www.nationalparksexplorerusa.com/parks/state/michigan,0,15,0%,58.47
https://www.nationalparksexplorerusa.com/parks/bryce-canyon-national-park,0,14,0%,8.29
https://www.nationalparksexplorerusa.com/parks/chickasaw-national-recreation-area,0,14,0%,8.64
https://www.nationalparksexplorerusa.com/parks/chesapeake-bay,0,14,0%,17.07
https://www.nationalparksexplorerusa.com/parks/ala-kahakai-national-historic-trail,0,14,0%,39.14
https://www.nationalparksexplorerusa.com/parks/great-smoky-mountains-national-park,0,13,0%,11.08
https://www.nationalparksexplorerusa.com/parks/great-sand-dunes-national-park-and-preserve,0,12,0%,8.58
https://www.nationalparksexplorerusa.com/parks/deva,0,12,0%,18.17
https://www.nationalparksexplorerusa.com/parks/kalaupapa-national-historical-park,0,12,0%,38.92
https://www.nationalparksexplorerusa.com/parks/assateague-island-national-seashore,0,12,0%,48.08
https://www.nationalparksexplorerusa.com/blog/autumn-in-americas-national-parks-where-to-go-when-the-crowds-fade,0,11,0%,14.82
https://www.nationalparksexplorerusa.com/parks/state/wyoming,0,11,0%,23.64
https://www.nationalparksexplorerusa.com/parks/state/kentucky,0,10,0%,36.6
https://www.nationalparksexplorerusa.com/parks/state/new-mexico,0,10,0%,43.1
https://www.nationalparksexplorerusa.com/parks/state/arizona,0,10,0%,48
https://www.nationalparksexplorerusa.com/parks/vanderbilt-mansion-national-historic-site,0,10,0%,53.8
https://www.nationalparksexplorerusa.com/parks/lewis-and-clark-national-historic-trail,0,10,0%,54.5
https://www.nationalparksexplorerusa.com/parks/lyndon-b-johnson-national-historical-park,0,10,0%,80.7
https://www.nationalparksexplorerusa.com/parks/cuyahoga-valley-national-park,0,9,0%,9.22
https://www.nationalparksexplorerusa.com/parks/state/district-of-columbia,0,9,0%,15
https://www.nationalparksexplorerusa.com/parks/state/guam,0,9,0%,21.67
https://www.nationalparksexplorerusa.com/parks/sequoia-and-kings-canyon-national-parks,0,9,0%,42
https://www.nationalparksexplorerusa.com/parks/home-of-franklin-d-roosevelt-national-historic-site,0,9,0%,45.78
https://www.nationalparksexplorerusa.com/parks/haleakal-national-park,0,9,0%,64.11
https://www.nationalparksexplorerusa.com/blog/category/budget-travel,0,8,0%,9.5
https://www.nationalparksexplorerusa.com/parks/olympic-national-park,0,8,0%,16.25
https://www.nationalparksexplorerusa.com/parks/washington-rochambeau-revolutionary-route-national-historic-trail,0,8,0%,40.88
https://www.nationalparksexplorerusa.com/parks/state/indiana,0,8,0%,47.25
https://www.nationalparksexplorerusa.com/parks/state/utah,0,8,0%,48
https://www.nationalparksexplorerusa.com/parks/overmountain-victory-national-historic-trail,0,8,0%,71.5
https://www.nationalparksexplorerusa.com/parks/mount-rushmore-national-memorial,0,7,0%,18
https://www.nationalparksexplorerusa.com/parks/statue-of-liberty-national-monument,0,7,0%,33.71
https://www.nationalparksexplorerusa.com/parks/state/hawaii,0,7,0%,47.71
https://www.nationalparksexplorerusa.com/parks/kennesaw-mountain-national-battlefield-park,0,7,0%,66.57
https://www.nationalparksexplorerusa.com/parks/natchez-trace-national-scenic-trail,0,7,0%,72.86
https://www.nationalparksexplorerusa.com/parks/channel-islands-national-park,0,6,0%,9
https://www.nationalparksexplorerusa.com/parks/pearl-harbor-national-memorial,0,6,0%,14.33
https://www.nationalparksexplorerusa.com/parks/state/new-york,0,6,0%,16.17
https://www.nationalparksexplorerusa.com/parks/apostle-islands-national-lakeshore,0,6,0%,40.67
https://www.nationalparksexplorerusa.com/parks/tupelo-national-battlefield,0,6,0%,42.5
https://www.nationalparksexplorerusa.com/parks/mount-rainier-national-park,0,6,0%,43.67
https://www.nationalparksexplorerusa.com/parks/fort-sumter-and-fort-moultrie-national-historical-park,0,6,0%,47.67
https://www.nationalparksexplorerusa.com/parks/historic-jamestowne-part-of-colonial-national-historical-park,0,6,0%,57.83
https://www.nationalparksexplorerusa.com/parks/old-spanish-national-historic-trail,0,6,0%,61
https://www.nationalparksexplorerusa.com/parks/california-national-historic-trail,0,6,0%,81.17
https://www.nationalparksexplorerusa.com/parks/theodore-roosevelt-national-park,0,5,0%,18.6
https://www.nationalparksexplorerusa.com/parks/coltsville-national-historical-park,0,5,0%,37
https://www.nationalparksexplorerusa.com/parks/carlsbad-caverns-national-park,0,5,0%,42.8
https://www.nationalparksexplorerusa.com/parks/state/alaska,0,5,0%,46
https://www.nationalparksexplorerusa.com/parks/petrified-forest-national-park,0,5,0%,52.2
https://www.nationalparksexplorerusa.com/parks/jewel-cave-national-monument,0,5,0%,62
https://www.nationalparksexplorerusa.com/parks/tule-springs-fossil-beds-national-monument,0,5,0%,66.2
https://www.nationalparksexplorerusa.com/parks/glen-canyon-national-recreation-area,0,5,0%,67.8
https://www.nationalparksexplorerusa.com/parks/juan-bautista-de-anza-national-historic-trail,0,5,0%,84.8
https://www.nationalparksexplorerusa.com/parks/shenandoah-national-park,0,4,0%,4.25
https://www.nationalparksexplorerusa.com/parks/canyonlands-national-park,0,4,0%,8
https://www.nationalparksexplorerusa.com/robots.txt,0,4,0%,11.75
https://www.nationalparksexplorerusa.com/parks/state/virginia,0,4,0%,20.75
https://www.nationalparksexplorerusa.com/parks/bandelier-national-monument,0,4,0%,21
https://www.nationalparksexplorerusa.com/parks/state/south-dakota,0,4,0%,21.75
https://www.nationalparksexplorerusa.com/parks/butterfield-overland-national-historic-trail,0,4,0%,33.25
https://www.nationalparksexplorerusa.com/parks/aniakchak-national-monument-and-preserve,0,4,0%,36.5
https://www.nationalparksexplorerusa.com/parks/longfellow-house-washingtons-headquarters-national-historic-site,0,4,0%,40.75
https://www.nationalparksexplorerusa.com/parks/oregon-caves-national-monument-and-preserve,0,4,0%,43.25
https://www.nationalparksexplorerusa.com/parks/kobuk-valley-national-park,0,4,0%,46.5
https://www.nationalparksexplorerusa.com/parks/rosie-the-riveter-wwii-home-front-national-historical-park,0,4,0%,50.25
https://www.nationalparksexplorerusa.com/parks/the-white-house-and-presidents-park,0,4,0%,55.25
https://www.nationalparksexplorerusa.com/parks/ellis-island-part-of-statue-of-liberty-national-monument,0,4,0%,61.25
https://www.nationalparksexplorerusa.com/parks/chesapeake-and-ohio-canal-national-historical-park,0,4,0%,64
https://www.nationalparksexplorerusa.com/parks/el-camino-real-de-tierra-adentro-national-historic-trail,0,4,0%,75.25
https://www.nationalparksexplorerusa.com/parks/walnut-canyon-national-monument,0,3,0%,6.33
https://www.nationalparksexplorerusa.com/blog/grand-teton-national-park-the-complete-2026-visitor-guide#heading-0-what-changed-for-2026,0,3,0%,8
https://www.nationalparksexplorerusa.com/blog/grand-teton-national-park-the-complete-2026-visitor-guide#heading-5-the-night-sky,0,3,0%,8
https://www.nationalparksexplorerusa.com/parks/arches-national-park,0,3,0%,11.67
https://www.nationalparksexplorerusa.com/parks/state/maine,0,3,0%,21.67
https://www.nationalparksexplorerusa.com/parks/cape-lookout-national-seashore,0,3,0%,22.67
https://www.nationalparksexplorerusa.com/parks/oxon-cove-park-and-oxon-hill-farm,0,3,0%,26.67
https://www.nationalparksexplorerusa.com/parks/fort-dupont-park,0,3,0%,31
https://www.nationalparksexplorerusa.com/parks/state/north-dakota,0,3,0%,32
https://www.nationalparksexplorerusa.com/parks/touro-synagogue-national-historic-site,0,3,0%,32
https://www.nationalparksexplorerusa.com/parks/pipestone-national-monument,0,3,0%,36.33
https://www.nationalparksexplorerusa.com/parks/el-morro-national-monument,0,3,0%,36.67
https://www.nationalparksexplorerusa.com/parks/glen-echo-park,0,3,0%,47.67
https://www.nationalparksexplorerusa.com/parks/montezuma-castle-national-monument,0,3,0%,51
https://www.nationalparksexplorerusa.com/parks/klondike-gold-rush-national-historical-park,0,3,0%,53.33
https://www.nationalparksexplorerusa.com/parks/north-cascades-national-park,0,3,0%,57.67
https://www.nationalparksexplorerusa.com/parks/grand-canyon-parashant-national-monument,0,3,0%,58.67
https://www.nationalparksexplorerusa.com/parks/pipe-spring-national-monument,0,3,0%,61.33
https://www.nationalparksexplorerusa.com/parks/amistad-national-recreation-area,0,3,0%,63
https://www.nationalparksexplorerusa.com/parks/captain-john-smith-chesapeake-national-historic-trail,0,3,0%,63.67
https://www.nationalparksexplorerusa.com/parks/el-camino-real-de-los-tejas-national-historic-trail,0,3,0%,67.67
https://www.nationalparksexplorerusa.com/parks/national-mall-and-memorial-parks,0,2,0%,1
https://www.nationalparksexplorerusa.com/blog/thanksgiving-flying-one-page-checklist-print-friendly,0,2,0%,6
https://www.nationalparksexplorerusa.com/parks/wind-cave-national-park,0,2,0%,6
https://www.nationalparksexplorerusa.com/blog/grand-teton-national-park-the-complete-2026-visitor-guide#heading-3-the-trails-worth-knowing-about,0,2,0%,7
https://www.nationalparksexplorerusa.com/parks/independence-national-historical-park,0,2,0%,10
https://www.nationalparksexplorerusa.com/parks/alcatraz-island,0,2,0%,16.5
https://www.nationalparksexplorerusa.com/parks/congaree-national-park,0,2,0%,18.5
https://www.nationalparksexplorerusa.com/parks/rock-creek-park,0,2,0%,19.5
https://www.nationalparksexplorerusa.com/parks/padre-island-national-seashore,0,2,0%,25.5
https://www.nationalparksexplorerusa.com/parks/eisenhower-national-historic-site,0,2,0%,27.5
https://www.nationalparksexplorerusa.com/parks/george-washington-memorial-parkway,0,2,0%,32.5
https://www.nationalparksexplorerusa.com/parks/carter-g-woodson-home-national-historic-site,0,2,0%,33.5
https://www.nationalparksexplorerusa.com/parks/george-washington-birthplace-national-monument,0,2,0%,35
https://www.nationalparksexplorerusa.com/parks/port-chicago-naval-magazine-national-memorial,0,2,0%,35.5
https://www.nationalparksexplorerusa.com/parks/monocacy-national-battlefield,0,2,0%,39
https://www.nationalparksexplorerusa.com/parks/fort-laramie-national-historic-site,0,2,0%,41
https://www.nationalparksexplorerusa.com/parks/craters-of-the-moon-national-monument-and-preserve,0,2,0%,46
https://www.nationalparksexplorerusa.com/parks/belmont-paul-womens-equality-national-monument,0,2,0%,47
https://www.nationalparksexplorerusa.com/parks/mary-mcleod-bethune-council-house-national-historic-site,0,2,0%,49
https://www.nationalparksexplorerusa.com/parks/whitman-mission-national-historic-site,0,2,0%,49.5
https://www.nationalparksexplorerusa.com/parks/bighorn-canyon-national-recreation-area,0,2,0%,52
https://www.nationalparksexplorerusa.com/parks/salt-river-bay-national-historical-park-and-ecological-preserve,0,2,0%,53
https://www.nationalparksexplorerusa.com/parks/natural-bridges-national-monument,0,2,0%,56.5
https://www.nationalparksexplorerusa.com/parks/buffalo-national-river,0,2,0%,58.5
https://www.nationalparksexplorerusa.com/parks/klondike-gold-rush-seattle-unit-national-historical-park,0,2,0%,58.5
https://www.nationalparksexplorerusa.com/parks/president-william-jefferson-clinton-birthplace-home-national-historic-site,0,2,0%,60.5
https://www.nationalparksexplorerusa.com/parks/gateway-national-recreation-area,0,2,0%,63.5
https://www.nationalparksexplorerusa.com/parks/roosevelt-campobello-international-park,0,2,0%,64
https://www.nationalparksexplorerusa.com/parks/sunset-crater-volcano-national-monument,0,2,0%,71.5
https://www.nationalparksexplorerusa.com/parks/martin-luther-king-jr-national-historical-park,0,2,0%,72
https://www.nationalparksexplorerusa.com/parks/john-muir-national-historic-site,0,2,0%,76
https://www.nationalparksexplorerusa.com/parks/lava-beds-national-monument,0,2,0%,86.5
https://www.nationalparksexplorerusa.com/blog,0,1,0%,1
https://www.nationalparksexplorerusa.com/parks/blue-ridge-parkway,0,1,0%,1
https://www.nationalparksexplorerusa.com/parks/pecos-national-historical-park,0,1,0%,2
https://www.nationalparksexplorerusa.com/parks/adams-national-historical-park,0,1,0%,3
https://www.nationalparksexplorerusa.com/blog/category/astrophotography,0,1,0%,4
https://www.nationalparksexplorerusa.com/?utm_campaign=mb&utm_medium=newsletter&utm_source=morning_brew,0,1,0%,5
https://www.nationalparksexplorerusa.com/parks/tule-lake-national-monument,0,1,0%,5
https://www.nationalparksexplorerusa.com/parks/african-burial-ground-national-monument,0,1,0%,6
https://www.nationalparksexplorerusa.com/parks/charles-pinckney-national-historic-site,0,1,0%,6
https://www.nationalparksexplorerusa.com/parks/saint-croix-national-scenic-riverway,0,1,0%,6
https://www.nationalparksexplorerusa.com/parks/cape-cod-national-seashore,0,1,0%,7
https://www.nationalparksexplorerusa.com/parks/redwood-national-and-state-parks,0,1,0%,7
https://www.nationalparksexplorerusa.com/parks/kaloko-honokhau-national-historical-park,0,1,0%,8
https://www.nationalparksexplorerusa.com/parks/pinn,0,1,0%,8
https://www.nationalparksexplorerusa.com/parks/baltimore-washington-parkway,0,1,0%,9
https://www.nationalparksexplorerusa.com/parks/cong,0,1,0%,9
https://www.nationalparksexplorerusa.com/parks/george-rogers-clark-national-historical-park,0,1,0%,9
https://www.nationalparksexplorerusa.com/parks/russell-cave-national-monument,0,1,0%,9
https://www.nationalparksexplorerusa.com/parks/washington-monument,0,1,0%,9
https://www.nationalparksexplorerusa.com/blog/grand-teton-national-park-the-complete-2026-visitor-guide#heading-2-when-to-go-and-why-it-matters,0,1,0%,10
https://www.nationalparksexplorerusa.com/parks/sleeping-bear-dunes-national-lakeshore,0,1,0%,10
https://www.nationalparksexplorerusa.com/parks/arkansas-post-national-memorial,0,1,0%,11
https://www.nationalparksexplorerusa.com/parks/gateway-arch-national-park,0,1,0%,11
https://www.nationalparksexplorerusa.com/parks/harpers-ferry-national-historical-park,0,1,0%,11
https://www.nationalparksexplorerusa.com/parks/joshua-tree-national-park,0,1,0%,11
https://www.nationalparksexplorerusa.com/parks/katmai-national-park-and-preserve,0,1,0%,11
https://www.nationalparksexplorerusa.com/parks/valley-forge-national-historical-park,0,1,0%,11
https://www.nationalparksexplorerusa.com/parks/abraham-lincoln-birthplace-national-historical-park,0,1,0%,12
https://www.nationalparksexplorerusa.com/parks/cape-hatteras-national-seashore,0,1,0%,12
https://www.nationalparksexplorerusa.com/parks/kenai-fjords-national-park,0,1,0%,12
https://www.nationalparksexplorerusa.com/parks/santa-monica-mountains-national-recreation-area,0,1,0%,12
https://www.nationalparksexplorerusa.com/parks/dinosaur-national-monument,0,1,0%,13
https://www.nationalparksexplorerusa.com/parks/paterson-great-falls-national-historical-park,0,1,0%,13
https://www.nationalparksexplorerusa.com/parks/piscataway-park,0,1,0%,20
https://www.nationalparksexplorerusa.com/parks/state/american-samoa,0,1,0%,21
https://www.nationalparksexplorerusa.com/parks/cape-henry-memorial-part-of-colonial-national-historical-park,0,1,0%,22
https://www.nationalparksexplorerusa.com/parks/minidoka-national-historic-site,0,1,0%,26
https://www.nationalparksexplorerusa.com/parks/american-memorial-park,0,1,0%,28
https://www.nationalparksexplorerusa.com/parks/wrst,0,1,0%,32
https://www.nationalparksexplorerusa.com/parks/fort-mchenry-national-monument-and-historic-shrine,0,1,0%,33
https://www.nationalparksexplorerusa.com/parks/jean-lafitte-national-historical-park-and-preserve,0,1,0%,39
https://www.nationalparksexplorerusa.com/parks/star-spangled-banner-national-historic-trail,0,1,0%,39
https://www.nationalparksexplorerusa.com/parks/gloria-dei-church-national-historic-site,0,1,0%,40
https://www.nationalparksexplorerusa.com/parks/homestead-national-historical-park,0,1,0%,40
https://www.nationalparksexplorerusa.com/parks/knife-river-indian-villages-national-historic-site,0,1,0%,40
https://www.nationalparksexplorerusa.com/parks/colonial-national-historical-park,0,1,0%,41
https://www.nationalparksexplorerusa.com/parks/allegheny-portage-railroad-national-historic-site,0,1,0%,42
https://www.nationalparksexplorerusa.com/parks/obed-wild-and-scenic-river,0,1,0%,43
https://www.nationalparksexplorerusa.com/parks/poverty-point-national-monument,0,1,0%,45
https://www.nationalparksexplorerusa.com/parks/medgar-and-myrlie-evers-home-national-monument,0,1,0%,47
https://www.nationalparksexplorerusa.com/parks/greenbelt-park,0,1,0%,48
https://www.nationalparksexplorerusa.com/parks/north-country-national-scenic-trail,0,1,0%,48
https://www.nationalparksexplorerusa.com/parks/casa-grande-ruins-national-monument,0,1,0%,50
https://www.nationalparksexplorerusa.com/parks/fire-island-national-seashore,0,1,0%,51
https://www.nationalparksexplorerusa.com/parks/lower-east-side-tenement-museum-national-historic-site,0,1,0%,51
https://www.nationalparksexplorerusa.com/parks/fort-donelson-national-battlefield,0,1,0%,53
https://www.nationalparksexplorerusa.com/parks/national-capital-parks-east,0,1,0%,53
https://www.nationalparksexplorerusa.com/parks/morristown-national-historical-park,0,1,0%,54
https://www.nationalparksexplorerusa.com/parks/vietnam-veterans-memorial,0,1,0%,56
https://www.nationalparksexplorerusa.com/parks/virgin-islands-national-park,0,1,0%,57
https://www.nationalparksexplorerusa.com/parks/state/kansas,0,1,0%,58
https://www.nationalparksexplorerusa.com/parks/freedom-riders-national-monument,0,1,0%,59
https://www.nationalparksexplorerusa.com/parks/ice-age-floods-national-geologic-trail,0,1,0%,59
https://www.nationalparksexplorerusa.com/parks/new-jersey-pinelands-national-reserve,0,1,0%,60
https://www.nationalparksexplorerusa.com/parks/valles-caldera-national-preserve,0,1,0%,61
https://www.nationalparksexplorerusa.com/parks/national-park-of-american-samoa,0,1,0%,63
https://www.nationalparksexplorerusa.com/parks/big-cypress-national-preserve,0,1,0%,64
https://www.nationalparksexplorerusa.com/parks/devils-tower-national-monument,0,1,0%,64
https://www.nationalparksexplorerusa.com/parks/theodore-roosevelt-inaugural-national-historic-site,0,1,0%,64
https://www.nationalparksexplorerusa.com/parks/hampton-national-historic-site,0,1,0%,66
https://www.nationalparksexplorerusa.com/parks/lincoln-home-national-historic-site,0,1,0%,66
https://www.nationalparksexplorerusa.com/parks/ocmulgee-mounds-national-historical-park,0,1,0%,68
https://www.nationalparksexplorerusa.com/parks/booker-t-washington-national-monument,0,1,0%,69
https://www.nationalparksexplorerusa.com/parks/bering-land-bridge-national-preserve,0,1,0%,70
https://www.nationalparksexplorerusa.com/parks/boston-harbor-islands-national-recreation-area,0,1,0%,71
https://www.nationalparksexplorerusa.com/parks/weir-farm-national-historical-park,0,1,0%,71
https://www.nationalparksexplorerusa.com/parks/ozark-national-scenic-riverways,0,1,0%,74
https://www.nationalparksexplorerusa.com/parks/salem-maritime-national-historical-park,0,1,0%,74
https://www.nationalparksexplorerusa.com/parks/city-of-rocks-national-reserve,0,1,0%,75
https://www.nationalparksexplorerusa.com/parks/cane-river-creole-national-historical-park,0,1,0%,79
https://www.nationalparksexplorerusa.com/parks/appomattox-court-house-national-historical-park,0,1,0%,80
https://www.nationalparksexplorerusa.com/parks/lincoln-memorial,0,1,0%,80
https://www.nationalparksexplorerusa.com/parks/wilsons-creek-national-battlefield,0,1,0%,80
https://www.nationalparksexplorerusa.com/parks/chickamauga-and-chattanooga-national-military-park,0,1,0%,81
https://www.nationalparksexplorerusa.com/parks/war-in-the-pacific-national-historical-park,0,1,0%,85
https://www.nationalparksexplorerusa.com/parks/aleutian-islands-world-war-ii-national-historic-area,0,1,0%,93
https://www.nationalparksexplorerusa.com/parks/saguaro-national-park,0,1,0%,95