url,gsc_issue,last_crawled,action,status,notes
https://www.nationalparksexplorerusa.com/_next/static/chunks/0-fk5h6fdn99h.js?dpl=dpl_3U5EoPYGRxBSizZkPScYa6HgoHT6,"Indexed, though blocked by robots.txt",2026-05-18,phase1_headers_removal,known,Next.js chunk; GSC prefix removal
https://www.nationalparksexplorerusa.com/_next/static/chunks/0-fk5h6fdn99h.js?dpl=dpl_4yedP9rDizVG72RBtM2TUrFoNMpG,Blocked by robots.txt,2026-05-18,phase1_headers_removal,known,Next.js chunk; X-Robots-Tag + GSC prefix removal
https://www.nationalparksexplorerusa.com/_next/static/chunks/0-fk5h6fdn99h.js?dpl=dpl_ABRVsspRLtyaVtpPcbfNxJuErAni,"Indexed, though blocked by robots.txt",2026-05-17,phase1_headers_removal,known,Next.js chunk; GSC prefix removal
https://www.nationalparksexplorerusa.com/_next/static/chunks/0-fk5h6fdn99h.js?dpl=dpl_GjFS1QBZvmTbwS1NczYsot9dwWvB,"Indexed, though blocked by robots.txt",2026-05-18,phase1_headers_removal,known,Next.js chunk; GSC prefix removal
https://www.nationalparksexplorerusa.com/_next/static/chunks/0-fk5h6fdn99h.js?dpl=dpl_H6kh76ZMP7KqpS5mQw3pMht1a5uU,"Indexed, though blocked by robots.txt",2026-05-18,phase1_headers_removal,known,Next.js chunk; GSC prefix removal
https://www.nationalparksexplorerusa.com/_next/static/chunks/0-xws8l96qk.n.js?dpl=dpl_3U5EoPYGRxBSizZkPScYa6HgoHT6,"Indexed, though blocked by robots.txt",2026-05-18,phase1_headers_removal,known,Next.js chunk; GSC prefix removal
https://www.nationalparksexplorerusa.com/_next/static/chunks/0-xws8l96qk.n.js?dpl=dpl_4yedP9rDizVG72RBtM2TUrFoNMpG,"Indexed, though blocked by robots.txt",2026-05-18,phase1_headers_removal,known,Next.js chunk; GSC prefix removal
https://www.nationalparksexplorerusa.com/_next/static/chunks/0-xws8l96qk.n.js?dpl=dpl_9jPYWpDScYTE3Kz45g6h66Ki5wWQ,Blocked by robots.txt,2026-05-02,phase1_headers_removal,known,Next.js chunk; X-Robots-Tag + GSC prefix removal
https://www.nationalparksexplorerusa.com/_next/static/chunks/0-xws8l96qk.n.js?dpl=dpl_ABRVsspRLtyaVtpPcbfNxJuErAni,"Indexed, though blocked by robots.txt",2026-05-17,phase1_headers_removal,known,Next.js chunk; GSC prefix removal
https://www.nationalparksexplorerusa.com/_next/static/chunks/0-xws8l96qk.n.js?dpl=dpl_FAZAYVLvGeaP4H2GX1G6VYbjN4a1,Blocked by robots.txt,2026-04-26,phase1_headers_removal,known,Next.js chunk; X-Robots-Tag + GSC prefix removal
https://www.nationalparksexplorerusa.com/_next/static/chunks/0-xws8l96qk.n.js?dpl=dpl_GjFS1QBZvmTbwS1NczYsot9dwWvB,"Indexed, though blocked by robots.txt",2026-05-18,phase1_headers_removal,known,Next.js chunk; GSC prefix removal
https://www.nationalparksexplorerusa.com/_next/static/chunks/0-xws8l96qk.n.js?dpl=dpl_H6kh76ZMP7KqpS5mQw3pMht1a5uU,"Indexed, though blocked by robots.txt",2026-05-18,phase1_headers_removal,known,Next.js chunk; GSC prefix removal
https://www.nationalparksexplorerusa.com/_next/static/chunks/00a29hw04~ony.js?dpl=dpl_3U5EoPYGRxBSizZkPScYa6HgoHT6,"Indexed, though blocked by robots.txt",2026-05-18,phase1_headers_removal,known,Next.js chunk; GSC prefix removal
https://www.nationalparksexplorerusa.com/_next/static/chunks/00a29hw04~ony.js?dpl=dpl_4yedP9rDizVG72RBtM2TUrFoNMpG,"Indexed, though blocked by robots.txt",2026-05-18,phase1_headers_removal,known,Next.js chunk; GSC prefix removal
https://www.nationalparksexplorerusa.com/_next/static/chunks/00a29hw04~ony.js?dpl=dpl_ABRVsspRLtyaVtpPcbfNxJuErAni,"Indexed, though blocked by robots.txt",2026-05-17,phase1_headers_removal,known,Next.js chunk; GSC prefix removal
https://www.nationalparksexplorerusa.com/_next/static/chunks/00a29hw04~ony.js?dpl=dpl_GjFS1QBZvmTbwS1NczYsot9dwWvB,"Indexed, though blocked by robots.txt",2026-05-18,phase1_headers_removal,known,Next.js chunk; GSC prefix removal
https://www.nationalparksexplorerusa.com/_next/static/chunks/00a29hw04~ony.js?dpl=dpl_H6kh76ZMP7KqpS5mQw3pMht1a5uU,"Indexed, though blocked by robots.txt",2026-05-18,phase1_headers_removal,known,Next.js chunk; GSC prefix removal
https://www.nationalparksexplorerusa.com/_next/static/chunks/0526u0oi7-3pc.js?dpl=dpl_3U5EoPYGRxBSizZkPScYa6HgoHT6,"Indexed, though blocked by robots.txt",2026-05-18,phase1_headers_removal,known,Next.js chunk; GSC prefix removal
https://www.nationalparksexplorerusa.com/_next/static/chunks/0526u0oi7-3pc.js?dpl=dpl_4yedP9rDizVG72RBtM2TUrFoNMpG,"Indexed, though blocked by robots.txt",2026-05-18,phase1_headers_removal,known,Next.js chunk; GSC prefix removal
https://www.nationalparksexplorerusa.com/_next/static/chunks/0526u0oi7-3pc.js?dpl=dpl_ABRVsspRLtyaVtpPcbfNxJuErAni,"Indexed, though blocked by robots.txt",2026-05-17,phase1_headers_removal,known,Next.js chunk; GSC prefix removal
https://www.nationalparksexplorerusa.com/_next/static/chunks/0526u0oi7-3pc.js?dpl=dpl_GjFS1QBZvmTbwS1NczYsot9dwWvB,"Indexed, though blocked by robots.txt",2026-05-18,phase1_headers_removal,known,Next.js chunk; GSC prefix removal
https://www.nationalparksexplorerusa.com/_next/static/chunks/0526u0oi7-3pc.js?dpl=dpl_H6kh76ZMP7KqpS5mQw3pMht1a5uU,"Indexed, though blocked by robots.txt",2026-05-18,phase1_headers_removal,known,Next.js chunk; GSC prefix removal
https://www.nationalparksexplorerusa.com/_next/static/chunks/07tbumpv6mb~m.js?dpl=dpl_4yedP9rDizVG72RBtM2TUrFoNMpG,"Indexed, though blocked by robots.txt",2026-05-18,phase1_headers_removal,known,Next.js chunk; GSC prefix removal
https://www.nationalparksexplorerusa.com/_next/static/chunks/07tbumpv6mb~m.js?dpl=dpl_GjFS1QBZvmTbwS1NczYsot9dwWvB,"Indexed, though blocked by robots.txt",2026-05-18,phase1_headers_removal,known,Next.js chunk; GSC prefix removal
https://www.nationalparksexplorerusa.com/_next/static/chunks/07tbumpv6mb~m.js?dpl=dpl_H6kh76ZMP7KqpS5mQw3pMht1a5uU,"Indexed, though blocked by robots.txt",2026-05-18,phase1_headers_removal,known,Next.js chunk; GSC prefix removal
https://www.nationalparksexplorerusa.com/_next/static/chunks/0d.r4z81rdpzr.css?dpl=dpl_4yedP9rDizVG72RBtM2TUrFoNMpG,"Indexed, though blocked by robots.txt",2026-05-18,phase1_headers_removal,known,Next.js chunk; GSC prefix removal
https://www.nationalparksexplorerusa.com/_next/static/chunks/0d.r4z81rdpzr.css?dpl=dpl_ABRVsspRLtyaVtpPcbfNxJuErAni,"Indexed, though blocked by robots.txt",2026-05-17,phase1_headers_removal,known,Next.js chunk; GSC prefix removal
https://www.nationalparksexplorerusa.com/_next/static/chunks/0f3_0zfxexa_l.js?dpl=dpl_3U5EoPYGRxBSizZkPScYa6HgoHT6,"Indexed, though blocked by robots.txt",2026-05-18,phase1_headers_removal,known,Next.js chunk; GSC prefix removal
https://www.nationalparksexplorerusa.com/_next/static/chunks/0f3_0zfxexa_l.js?dpl=dpl_4yedP9rDizVG72RBtM2TUrFoNMpG,"Indexed, though blocked by robots.txt",2026-05-18,phase1_headers_removal,known,Next.js chunk; GSC prefix removal
https://www.nationalparksexplorerusa.com/_next/static/chunks/0f3_0zfxexa_l.js?dpl=dpl_ABRVsspRLtyaVtpPcbfNxJuErAni,"Indexed, though blocked by robots.txt",2026-05-17,phase1_headers_removal,known,Next.js chunk; GSC prefix removal
https://www.nationalparksexplorerusa.com/_next/static/chunks/0f3_0zfxexa_l.js?dpl=dpl_BcwFJpe2gFGUqxhxMrNZ1zn5azPR,Blocked by robots.txt,2026-05-03,phase1_headers_removal,known,Next.js chunk; X-Robots-Tag + GSC prefix removal
https://www.nationalparksexplorerusa.com/_next/static/chunks/0f3_0zfxexa_l.js?dpl=dpl_GjFS1QBZvmTbwS1NczYsot9dwWvB,"Indexed, though blocked by robots.txt",2026-05-18,phase1_headers_removal,known,Next.js chunk; GSC prefix removal
https://www.nationalparksexplorerusa.com/_next/static/chunks/0f3_0zfxexa_l.js?dpl=dpl_H6kh76ZMP7KqpS5mQw3pMht1a5uU,"Indexed, though blocked by robots.txt",2026-05-18,phase1_headers_removal,known,Next.js chunk; GSC prefix removal
https://www.nationalparksexplorerusa.com/_next/static/chunks/0i_mwytu0hjq4.js?dpl=dpl_4yedP9rDizVG72RBtM2TUrFoNMpG,"Indexed, though blocked by robots.txt",2026-05-18,phase1_headers_removal,known,Next.js chunk; GSC prefix removal
https://www.nationalparksexplorerusa.com/_next/static/chunks/0i_mwytu0hjq4.js?dpl=dpl_GjFS1QBZvmTbwS1NczYsot9dwWvB,Blocked by robots.txt,2026-05-18,phase1_headers_removal,known,Next.js chunk; X-Robots-Tag + GSC prefix removal
https://www.nationalparksexplorerusa.com/_next/static/chunks/0i_mwytu0hjq4.js?dpl=dpl_H6kh76ZMP7KqpS5mQw3pMht1a5uU,"Indexed, though blocked by robots.txt",2026-05-18,phase1_headers_removal,known,Next.js chunk; GSC prefix removal
https://www.nationalparksexplorerusa.com/_next/static/chunks/0j500ki53w12y.js?dpl=dpl_4yedP9rDizVG72RBtM2TUrFoNMpG,"Indexed, though blocked by robots.txt",2026-05-18,phase1_headers_removal,known,Next.js chunk; GSC prefix removal
https://www.nationalparksexplorerusa.com/_next/static/chunks/0j500ki53w12y.js?dpl=dpl_GjFS1QBZvmTbwS1NczYsot9dwWvB,"Indexed, though blocked by robots.txt",2026-05-18,phase1_headers_removal,known,Next.js chunk; GSC prefix removal
https://www.nationalparksexplorerusa.com/_next/static/chunks/0j500ki53w12y.js?dpl=dpl_H6kh76ZMP7KqpS5mQw3pMht1a5uU,"Indexed, though blocked by robots.txt",2026-05-18,phase1_headers_removal,known,Next.js chunk; GSC prefix removal
https://www.nationalparksexplorerusa.com/_next/static/chunks/0jj0jh601t.qt.js?dpl=dpl_3U5EoPYGRxBSizZkPScYa6HgoHT6,"Indexed, though blocked by robots.txt",2026-05-18,phase1_headers_removal,known,Next.js chunk; GSC prefix removal
https://www.nationalparksexplorerusa.com/_next/static/chunks/0jj0jh601t.qt.js?dpl=dpl_4yedP9rDizVG72RBtM2TUrFoNMpG,"Indexed, though blocked by robots.txt",2026-05-18,phase1_headers_removal,known,Next.js chunk; GSC prefix removal
https://www.nationalparksexplorerusa.com/_next/static/chunks/0jj0jh601t.qt.js?dpl=dpl_ABRVsspRLtyaVtpPcbfNxJuErAni,"Indexed, though blocked by robots.txt",2026-05-17,phase1_headers_removal,known,Next.js chunk; GSC prefix removal
https://www.nationalparksexplorerusa.com/_next/static/chunks/0jj0jh601t.qt.js?dpl=dpl_GjFS1QBZvmTbwS1NczYsot9dwWvB,"Indexed, though blocked by robots.txt",2026-05-18,phase1_headers_removal,known,Next.js chunk; GSC prefix removal
https://www.nationalparksexplorerusa.com/_next/static/chunks/0jj0jh601t.qt.js?dpl=dpl_H6kh76ZMP7KqpS5mQw3pMht1a5uU,"Indexed, though blocked by robots.txt",2026-05-18,phase1_headers_removal,known,Next.js chunk; GSC prefix removal
https://www.nationalparksexplorerusa.com/_next/static/chunks/0k-bktnmr-sq7.js?dpl=dpl_3U5EoPYGRxBSizZkPScYa6HgoHT6,"Indexed, though blocked by robots.txt",2026-05-18,phase1_headers_removal,known,Next.js chunk; GSC prefix removal
https://www.nationalparksexplorerusa.com/_next/static/chunks/0k-bktnmr-sq7.js?dpl=dpl_4yedP9rDizVG72RBtM2TUrFoNMpG,"Indexed, though blocked by robots.txt",2026-05-18,phase1_headers_removal,known,Next.js chunk; GSC prefix removal
https://www.nationalparksexplorerusa.com/_next/static/chunks/0k-bktnmr-sq7.js?dpl=dpl_ABRVsspRLtyaVtpPcbfNxJuErAni,"Indexed, though blocked by robots.txt",2026-05-17,phase1_headers_removal,known,Next.js chunk; GSC prefix removal
https://www.nationalparksexplorerusa.com/_next/static/chunks/0k-bktnmr-sq7.js?dpl=dpl_GjFS1QBZvmTbwS1NczYsot9dwWvB,"Indexed, though blocked by robots.txt",2026-05-18,phase1_headers_removal,known,Next.js chunk; GSC prefix removal
https://www.nationalparksexplorerusa.com/_next/static/chunks/0k-bktnmr-sq7.js?dpl=dpl_H6kh76ZMP7KqpS5mQw3pMht1a5uU,"Indexed, though blocked by robots.txt",2026-05-18,phase1_headers_removal,known,Next.js chunk; GSC prefix removal
https://www.nationalparksexplorerusa.com/_next/static/chunks/0lsr6rgvp36el.js?dpl=dpl_3U5EoPYGRxBSizZkPScYa6HgoHT6,"Indexed, though blocked by robots.txt",2026-05-18,phase1_headers_removal,known,Next.js chunk; GSC prefix removal
https://www.nationalparksexplorerusa.com/_next/static/chunks/0lsr6rgvp36el.js?dpl=dpl_4yedP9rDizVG72RBtM2TUrFoNMpG,"Indexed, though blocked by robots.txt",2026-05-18,phase1_headers_removal,known,Next.js chunk; GSC prefix removal
https://www.nationalparksexplorerusa.com/_next/static/chunks/0lsr6rgvp36el.js?dpl=dpl_ABRVsspRLtyaVtpPcbfNxJuErAni,"Indexed, though blocked by robots.txt",2026-05-17,phase1_headers_removal,known,Next.js chunk; GSC prefix removal
https://www.nationalparksexplorerusa.com/_next/static/chunks/0lsr6rgvp36el.js?dpl=dpl_GjFS1QBZvmTbwS1NczYsot9dwWvB,"Indexed, though blocked by robots.txt",2026-05-18,phase1_headers_removal,known,Next.js chunk; GSC prefix removal
https://www.nationalparksexplorerusa.com/_next/static/chunks/0lsr6rgvp36el.js?dpl=dpl_H6kh76ZMP7KqpS5mQw3pMht1a5uU,"Indexed, though blocked by robots.txt",2026-05-18,phase1_headers_removal,known,Next.js chunk; GSC prefix removal
https://www.nationalparksexplorerusa.com/_next/static/chunks/0onic59.d_b43.js?dpl=dpl_H6kh76ZMP7KqpS5mQw3pMht1a5uU,"Indexed, though blocked by robots.txt",2026-05-18,phase1_headers_removal,known,Next.js chunk; GSC prefix removal
https://www.nationalparksexplorerusa.com/_next/static/chunks/0thr6xd-8ao2x.js?dpl=dpl_4yedP9rDizVG72RBtM2TUrFoNMpG,"Indexed, though blocked by robots.txt",2026-05-18,phase1_headers_removal,known,Next.js chunk; GSC prefix removal
https://www.nationalparksexplorerusa.com/_next/static/chunks/0tu-rt4x9tj4k.css?dpl=dpl_3U5EoPYGRxBSizZkPScYa6HgoHT6,"Indexed, though blocked by robots.txt",2026-05-18,phase1_headers_removal,known,Next.js chunk; GSC prefix removal
https://www.nationalparksexplorerusa.com/_next/static/chunks/0tu-rt4x9tj4k.css?dpl=dpl_H6kh76ZMP7KqpS5mQw3pMht1a5uU,"Indexed, though blocked by robots.txt",2026-05-18,phase1_headers_removal,known,Next.js chunk; GSC prefix removal
https://www.nationalparksexplorerusa.com/_next/static/chunks/0uun14y3.pv75.js?dpl=dpl_GjFS1QBZvmTbwS1NczYsot9dwWvB,"Indexed, though blocked by robots.txt",2026-05-18,phase1_headers_removal,known,Next.js chunk; GSC prefix removal
https://www.nationalparksexplorerusa.com/_next/static/chunks/0vmtlrhy_di-s.css?dpl=dpl_GjFS1QBZvmTbwS1NczYsot9dwWvB,"Indexed, though blocked by robots.txt",2026-05-18,phase1_headers_removal,known,Next.js chunk; GSC prefix removal
https://www.nationalparksexplorerusa.com/_next/static/chunks/0yadny0h4_d3m.js?dpl=dpl_3U5EoPYGRxBSizZkPScYa6HgoHT6,"Indexed, though blocked by robots.txt",2026-05-18,phase1_headers_removal,known,Next.js chunk; GSC prefix removal
https://www.nationalparksexplorerusa.com/_next/static/chunks/0yadny0h4_d3m.js?dpl=dpl_4yedP9rDizVG72RBtM2TUrFoNMpG,"Indexed, though blocked by robots.txt",2026-05-18,phase1_headers_removal,known,Next.js chunk; GSC prefix removal
https://www.nationalparksexplorerusa.com/_next/static/chunks/0yadny0h4_d3m.js?dpl=dpl_ABRVsspRLtyaVtpPcbfNxJuErAni,"Indexed, though blocked by robots.txt",2026-05-17,phase1_headers_removal,known,Next.js chunk; GSC prefix removal
https://www.nationalparksexplorerusa.com/_next/static/chunks/0yadny0h4_d3m.js?dpl=dpl_GjFS1QBZvmTbwS1NczYsot9dwWvB,"Indexed, though blocked by robots.txt",2026-05-18,phase1_headers_removal,known,Next.js chunk; GSC prefix removal
https://www.nationalparksexplorerusa.com/_next/static/chunks/0yadny0h4_d3m.js?dpl=dpl_H6kh76ZMP7KqpS5mQw3pMht1a5uU,"Indexed, though blocked by robots.txt",2026-05-18,phase1_headers_removal,known,Next.js chunk; GSC prefix removal
https://www.nationalparksexplorerusa.com/_next/static/chunks/103mn695-01gi.js?dpl=dpl_3U5EoPYGRxBSizZkPScYa6HgoHT6,"Indexed, though blocked by robots.txt",2026-05-18,phase1_headers_removal,known,Next.js chunk; GSC prefix removal
https://www.nationalparksexplorerusa.com/_next/static/chunks/103mn695-01gi.js?dpl=dpl_4yedP9rDizVG72RBtM2TUrFoNMpG,"Indexed, though blocked by robots.txt",2026-05-18,phase1_headers_removal,known,Next.js chunk; GSC prefix removal
https://www.nationalparksexplorerusa.com/_next/static/chunks/103mn695-01gi.js?dpl=dpl_ABRVsspRLtyaVtpPcbfNxJuErAni,"Indexed, though blocked by robots.txt",2026-05-17,phase1_headers_removal,known,Next.js chunk; GSC prefix removal
https://www.nationalparksexplorerusa.com/_next/static/chunks/103mn695-01gi.js?dpl=dpl_GjFS1QBZvmTbwS1NczYsot9dwWvB,"Indexed, though blocked by robots.txt",2026-05-18,phase1_headers_removal,known,Next.js chunk; GSC prefix removal
https://www.nationalparksexplorerusa.com/_next/static/chunks/103mn695-01gi.js?dpl=dpl_H6kh76ZMP7KqpS5mQw3pMht1a5uU,"Indexed, though blocked by robots.txt",2026-05-18,phase1_headers_removal,known,Next.js chunk; GSC prefix removal
https://www.nationalparksexplorerusa.com/_next/static/chunks/11qzerzbcpq1b.js?dpl=dpl_4yedP9rDizVG72RBtM2TUrFoNMpG,"Indexed, though blocked by robots.txt",2026-05-18,phase1_headers_removal,known,Next.js chunk; GSC prefix removal
https://www.nationalparksexplorerusa.com/_next/static/chunks/11qzerzbcpq1b.js?dpl=dpl_GjFS1QBZvmTbwS1NczYsot9dwWvB,"Indexed, though blocked by robots.txt",2026-05-18,phase1_headers_removal,known,Next.js chunk; GSC prefix removal
https://www.nationalparksexplorerusa.com/_next/static/chunks/11qzerzbcpq1b.js?dpl=dpl_H6kh76ZMP7KqpS5mQw3pMht1a5uU,"Indexed, though blocked by robots.txt",2026-05-18,phase1_headers_removal,known,Next.js chunk; GSC prefix removal
https://www.nationalparksexplorerusa.com/_next/static/chunks/12y_k6amdkh.v.js?dpl=dpl_4yedP9rDizVG72RBtM2TUrFoNMpG,"Indexed, though blocked by robots.txt",2026-05-18,phase1_headers_removal,known,Next.js chunk; GSC prefix removal
https://www.nationalparksexplorerusa.com/_next/static/chunks/12y_k6amdkh.v.js?dpl=dpl_GjFS1QBZvmTbwS1NczYsot9dwWvB,"Indexed, though blocked by robots.txt",2026-05-18,phase1_headers_removal,known,Next.js chunk; GSC prefix removal
https://www.nationalparksexplorerusa.com/_next/static/chunks/12y_k6amdkh.v.js?dpl=dpl_H6kh76ZMP7KqpS5mQw3pMht1a5uU,"Indexed, though blocked by robots.txt",2026-05-18,phase1_headers_removal,known,Next.js chunk; GSC prefix removal
https://www.nationalparksexplorerusa.com/_next/static/chunks/16imdrs3o_vwk.js?dpl=dpl_3U5EoPYGRxBSizZkPScYa6HgoHT6,"Indexed, though blocked by robots.txt",2026-05-18,phase1_headers_removal,known,Next.js chunk; GSC prefix removal
https://www.nationalparksexplorerusa.com/_next/static/chunks/16imdrs3o_vwk.js?dpl=dpl_ABRVsspRLtyaVtpPcbfNxJuErAni,"Indexed, though blocked by robots.txt",2026-05-17,phase1_headers_removal,known,Next.js chunk; GSC prefix removal
https://www.nationalparksexplorerusa.com/_next/static/chunks/16imdrs3o_vwk.js?dpl=dpl_GjFS1QBZvmTbwS1NczYsot9dwWvB,"Indexed, though blocked by robots.txt",2026-05-18,phase1_headers_removal,known,Next.js chunk; GSC prefix removal
https://www.nationalparksexplorerusa.com/_next/static/chunks/16imdrs3o_vwk.js?dpl=dpl_H6kh76ZMP7KqpS5mQw3pMht1a5uU,"Indexed, though blocked by robots.txt",2026-05-18,phase1_headers_removal,known,Next.js chunk; GSC prefix removal
